{"cameraMode":{"drawMode":0,"name":"Shaded","section":"Shading Mode"},"sceneLighting":true,"audioPlay":false,"sceneViewState":{"showFog":true,"showMaterialUpdate":false,"showSkybox":true,"showFlares":true,"showImageEffects":true,"showParticleSystems":true},"in2DMode":false,"pivot":{"x":-2.635498046875,"y":5.38623046875,"z":-2.010498046875},"rotation":{"x":-0.3695160746574402,"y":-0.4387039840221405,"z":0.20430508255958558,"w":-0.7932842373847961},"size":3.453584671020508,"orthographic":true}