{"cameraMode":{"drawMode":0,"name":"Shaded","section":"Shading Mode"},"sceneLighting":false,"audioPlay":false,"sceneViewState":{"showFog":true,"showMaterialUpdate":false,"showSkybox":false,"showFlares":true,"showImageEffects":true,"showParticleSystems":true},"in2DMode":false,"pivot":{"x":0.6499999761581421,"y":0.5037700533866882,"z":0.0},"rotation":{"x":-0.2696438729763031,"y":0.4104618728160858,"z":-0.12846073508262635,"w":-0.8615748882293701},"size":0.5218008756637573,"orthographic":false}