{"cameraMode":{"drawMode":0,"name":"Shaded","section":"Shading Mode"},"sceneLighting":true,"audioPlay":false,"sceneViewState":{"showFog":true,"showMaterialUpdate":false,"showSkybox":true,"showFlares":true,"showImageEffects":true,"showParticleSystems":true},"in2DMode":false,"pivot":{"x":-9.218342781066895,"y":-22.322616577148439,"z":38.71969985961914},"rotation":{"x":0.27155157923698428,"y":-0.11085409671068192,"z":0.031504951417446139,"w":0.955498218536377},"size":23.599590301513673,"orthographic":false}